session_id,record_id,observed_at,origin,kind,address,function,role,crc_valid,hex,current_ma,percent,engineering_value,unit,range_status,namur_status,issues
bench-demo-001,frame-001,2026-10-03T09:00:00+07:00,simulated,modbus,1,3,request,True,01 03 00 00 00 02 C4 0B,,,,,,,
bench-demo-001,frame-002,2026-10-03T09:00:00.020000+07:00,simulated,modbus,1,3,response,True,01 03 04 00 64 00 C8 BA 7A,,,,,,,
bench-demo-001,frame-003,2026-10-03T09:00:00.100000+07:00,simulated,modbus,1,4,request,True,01 04 00 00 00 01 31 CA,,,,,,,
bench-demo-001,frame-004,2026-10-03T09:00:00.122000+07:00,simulated,modbus,1,132,response,True,01 84 02 C2 C1,,,,,,,
bench-demo-001,frame-005,2026-10-03T09:00:00.200000+07:00,simulated,modbus,1,6,ambiguous,True,01 06 00 10 00 01 49 CF,,,,,,,
bench-demo-001,frame-006,2026-10-03T09:00:00.220000+07:00,simulated,modbus,1,6,ambiguous,True,01 06 00 10 00 01 49 CF,,,,,,,
bench-demo-001,frame-007,2026-10-03T09:00:00.300000+07:00,simulated,modbus,2,3,request,True,02 03 00 00 00 01 84 39,,,,,,,
bench-demo-001,frame-008,2026-10-03T09:00:00.323000+07:00,simulated,modbus,2,3,unknown,False,02 03 02 00 FA 00 00,,,,,,,CRC mismatch
bench-demo-001,loop-001,2026-10-03T09:00:00.400000+07:00,simulated,loop,,,,,,4.0,0.0,0.0,bar,in_range,measuring,
bench-demo-001,loop-002,2026-10-03T09:00:00.500000+07:00,simulated,loop,,,,,,8.0,25.0,2.5,bar,in_range,measuring,
bench-demo-001,loop-003,2026-10-03T09:00:00.600000+07:00,simulated,loop,,,,,,12.0,50.0,5.0,bar,in_range,measuring,
bench-demo-001,loop-004,2026-10-03T09:00:00.700000+07:00,simulated,loop,,,,,,16.0,75.0,7.5,bar,in_range,measuring,
bench-demo-001,loop-005,2026-10-03T09:00:00.800000+07:00,simulated,loop,,,,,,20.0,100.0,10.0,bar,in_range,measuring,
bench-demo-001,loop-006,2026-10-03T09:00:00.900000+07:00,simulated,loop,,,,,,21.0,106.25,10.625,bar,above_range,saturated_high,
